 --them value khachhang mau vao
INSERT INTO KhachHang(maKH,tenKH,email,dienThoai,toChuc) values('230001',N'Võ Phước Hậu','vohau115@gmail.com','0899530610',0)
INSERT INTO KhachHang(maKH,tenKH,email,dienThoai,toChuc) values('231002',N'Công ty TNHH Uy Vũ','vovuCompany@gmail.com','0899530600',1)
--them value hopdong mau vao
--khachhang1
INSERT INTO HopDong(maHD,maKH,tenHD,ngayBatDau,ngayKetThucDukien,trangThai,donGia) values('0511202301','230001',N'Hợp đồng gia công chén sứ','2023-11-05','2023-12-05',N'chờ xác nhận',15000000.0)
INSERT INTO HopDong(maHD,maKH,tenHD,ngayBatDau,ngayKetThucDukien,trangThai,donGia) values('0511202302','230001',N'Hợp đồng gia công ly sứ','2023-11-05','2024-1-05',N'chờ xác nhận',20000000.0)
INSERT INTO HopDong(maHD,maKH,tenHD,ngayBatDau,ngayKetThucDukien,trangThai,donGia) values('0511202303','230001',N'Hợp đồng gia công tô sứ','2023-11-05','2024-1-05',N'chờ xác nhận',30000000.0)
--khachhang2
INSERT INTO HopDong(maHD,maKH,tenHD,ngayBatDau,ngayKetThucDukien,trangThai,donGia) values('0511202304','231002',N'Hợp đồng gia công bình gốm sứ','2023-11-05','2024-2-05',N'chờ xác nhận',50000000.0)
-- them value sanpham mau
--hopdong 1
INSERT INTO SanPham(maHD,maSP,tenSP,soLuong,donGia) values('0511202301','051120230101',N'Chén sứ viền xanh lam',500,5000.0)
INSERT INTO SanPham(maHD,maSP,tenSP,soLuong,donGia) values('0511202301','051120230102',N'Chén sứ họa tiết hình rồng',500,6000.0)
INSERT INTO SanPham(maHD,maSP,tenSP,soLuong,donGia) values('0511202301','051120230103',N'Chén sứ viền cam',500,4000.0)
--hopdong 2
INSERT INTO SanPham(maHD,maSP,tenSP,soLuong,donGia) values('0511202302','051120230201',N'ly sứ viền xanh lam',1000,4000.0)
INSERT INTO SanPham(maHD,maSP,tenSP,soLuong,donGia) values('0511202302','051120230202',N'ly sứ họa tiết hình rồng',1000,6000.0)
--hopdong 3
INSERT INTO SanPham(maHD,maSP,tenSP,soLuong,donGia) values('0511202303','051120230301',N'tô sứ viền cam',500,4000.0)
INSERT INTO SanPham(maHD,maSP,tenSP,soLuong,donGia) values('0511202303','051120230302',N'tô sứ viền xanh lam',500,5000.0)
--hopdong 4
INSERT INTO SanPham(maHD,maSP,tenSP,soLuong,donGia) values('0511202304','051120230401',N'bình sứ họa tiết thanh hoa',500,6000.0)
INSERT INTO SanPham(maHD,maSP,tenSP,soLuong,donGia) values('0511202304','051120230402',N'bình sứ viền cam',500,4000.0)


-- bộ phận
INSERT INTO BoPhan (maBP, tenBP) VALUES ('HC01', N'Kế toán');
INSERT INTO BoPhan (maBP, tenBP) VALUES ('HC02', N'Kỹ thuật');
INSERT INTO BoPhan (maBP, tenBP) VALUES ('HC03', N'Quản lý');
INSERT INTO BoPhan (maBP, tenBP) VALUES ('HC04', N'Nhân sự');
INSERT INTO BoPhan (maBP, tenBP) VALUES ('HC05', N'Tiếp thị');

INSERT INTO BoPhan (maBP, tenBP) VALUES ('SX01', N'Kiểm tra chất lượng');
INSERT INTO BoPhan (maBP, tenBP) VALUES ('SX02', N'Giao hàng và Vận chuyển');
INSERT INTO BoPhan (maBP, tenBP) VALUES ('SX03', N'Lưu trữ và Logistik');
INSERT INTO BoPhan (maBP, tenBP) VALUES ('SX04', N'đóng gói');
INSERT INTO BoPhan (maBP, tenBP) VALUES ('SX05', N'in ấn');

--


